{
  "perft": {
    "chess": {
      "jordan_1": 6.084447132222222,
      "jordan_2": 5.933871969999999,
      "jordan_3": 18.392943436666663,
      "jordan_4": 18.629740320000007,
      "jordan_5": 10.199482218,
      "jordan_6": 10.090606280000003,
      "jordan_7": 12.090820628,
      "jordan_8": 12.130022915999994,
      "jordan_9": 2.776461128333335,
      "jordan_10": 2.781589798333332,
      "jordan_11": 4.546020507272728,
      "jordan_12": 4.571371940000003,
      "jordan_13": 22.47682900333333,
      "jordan_14": 22.278489426666667,
      "jordan_15": 3.04119911235294,
      "jordan_16": 3.044371444705882,
      "jordan_17": 3.5238954746666673,
      "jordan_18": 3.510677134666667,
      "jordan_19": 1.70027828091463,
      "jordan_20": 1.7156491930667133,
      "jordan_21": 0.03775967554403152,
      "jordan_22": 0.038230467400002674,
      "jordan_23": 4.868486212727273,
      "jordan_24": 4.891690613636364,
      "jordan_25": 0.5402214355838415,
      "jordan_26": 0.5406317856946837,
      "jordan_kiwipete": 12.048873436,
      "initial": 0.781518866694699,
      "sicilian": 7.223664722857142,
      "middle": 6.50395755,
      "open_position": 1.4082536714988485,
      "queen": 0.9981791339662078,
      "pawn_move": 8.493016526666667,
      "pawn_attack": 9.963636213333334,
      "pawn_promote": 5.798288401111113,
      "cydonia": 4.321384785
    },
    "owlchess": {
      "jordan_1": 8.817324214999996,
      "jordan_2": 8.401092352857143,
      "jordan_3": 24.402284213333335,
      "jordan_4": 26.136619355,
      "jordan_5": 14.67653633,
      "jordan_6": 13.4082640075,
      "jordan_7": 17.221186723333332,
      "jordan_8": 15.757057495,
      "jordan_9": 8.092669050000001,
      "jordan_10": 8.013295174285718,
      "jordan_11": 17.11915614999999,
      "jordan_12": 17.611787363333338,
      "jordan_13": 42.08244164,
      "jordan_14": 39.994586685,
      "jordan_15": 6.403963985000001,
      "jordan_16": 6.254170016250001,
      "jordan_17": 5.037977102000002,
      "jordan_18": 4.636616834545452,
      "jordan_19": 2.5191697790000007,
      "jordan_20": 2.3421240731818203,
      "jordan_21": 0.053175393872334296,
      "jordan_22": 0.04978324507497135,
      "jordan_23": 7.19212254,
      "jordan_24": 7.3947159499999975,
      "jordan_25": 0.7685514131747461,
      "jordan_26": 0.8293982649793933,
      "jordan_kiwipete": 22.552640249999996,
      "initial": 1.2854516468536006,
      "sicilian": 12.88874039,
      "middle": 13.2021474825,
      "open_position": 3.1334995675,
      "queen": 2.7879047515789477,
      "pawn_move": 11.56674185,
      "pawn_attack": 12.049155966000006,
      "pawn_promote": 10.118444354000001,
      "cydonia": 10.017600777999998
    },
    "shakmaty": {
      "jordan_1": 5.939241105555556,
      "jordan_2": 5.972355198888889,
      "jordan_3": 16.3882012,
      "jordan_4": 16.3208345475,
      "jordan_5": 8.572355175000004,
      "jordan_6": 8.580909315,
      "jordan_7": 10.095057248000002,
      "jordan_8": 10.133130048,
      "jordan_9": 5.642923317777777,
      "jordan_10": 5.686552226666667,
      "jordan_11": 8.737680200000003,
      "jordan_12": 8.663736076666668,
      "jordan_13": 26.555737355,
      "jordan_14": 26.577908434999998,
      "jordan_15": 4.419760601666667,
      "jordan_16": 4.38803036416667,
      "jordan_17": 3.0080533011764707,
      "jordan_18": 2.9988391347058814,
      "jordan_19": 1.532480703166007,
      "jordan_20": 1.531917439526443,
      "jordan_21": 0.032253609465853844,
      "jordan_22": 0.03238112216739813,
      "jordan_23": 4.794375517272728,
      "jordan_24": 4.776823719999999,
      "jordan_25": 0.5203819636861645,
      "jordan_26": 0.5207194222679096,
      "jordan_kiwipete": 19.619493906666673,
      "initial": 0.9368448423374116,
      "sicilian": 10.984621901999995,
      "middle": 11.557183016,
      "open_position": 2.380548489545454,
      "queen": 1.2768702975762591,
      "pawn_move": 7.393719087142861,
      "pawn_attack": 8.549695996666664,
      "pawn_promote": 5.706668114444444,
      "cydonia": 7.31838042857143
    },
    "pleco": {
      "jordan_1": 14.18989215,
      "jordan_2": 14.438572070000001,
      "jordan_3": 38.630218840000005,
      "jordan_4": 38.67133741,
      "jordan_5": 20.967210336666668,
      "jordan_6": 20.82424855666666,
      "jordan_7": 24.594652166666663,
      "jordan_8": 24.543283930000012,
      "jordan_9": 11.561455796000004,
      "jordan_10": 11.782327673999992,
      "jordan_11": 18.15494034,
      "jordan_12": 18.130148516666665,
      "jordan_13": 60.08922375,
      "jordan_14": 59.97262561,
      "jordan_15": 10.5287942,
      "jordan_16": 10.488742380000003,
      "jordan_17": 7.200349337142858,
      "jordan_18": 7.199815022857146,
      "jordan_19": 3.519255617333335,
      "jordan_20": 3.5181618420000005,
      "jordan_21": 0.0794752042810232,
      "jordan_22": 0.07964580932912672,
      "jordan_23": 11.085261723999999,
      "jordan_24": 10.938085509999995,
      "jordan_25": 1.1852790444649688,
      "jordan_26": 1.18949620500721,
      "jordan_kiwipete": 39.694894455,
      "initial": 2.3130987581818183,
      "sicilian": 23.367926216666667,
      "middle": 24.31786955,
      "open_position": 5.212743521000001,
      "queen": 2.8046700055555567,
      "pawn_move": 20.998660693333328,
      "pawn_attack": 20.37995904666666,
      "pawn_promote": 15.8512039525,
      "cydonia": 17.710318386666668
    },
    "cozy_chess": {
      "jordan_1": 9.436529983333331,
      "jordan_2": 9.447128636666664,
      "jordan_3": 29.46441141,
      "jordan_4": 29.443760605,
      "jordan_5": 15.386533602499998,
      "jordan_6": 15.379473355,
      "jordan_7": 18.244246093333334,
      "jordan_8": 18.26629664666667,
      "jordan_9": 4.506496510833332,
      "jordan_10": 4.507239864166667,
      "jordan_11": 6.986946516250001,
      "jordan_12": 6.96795202125,
      "jordan_13": 33.69244275,
      "jordan_14": 33.685670925,
      "jordan_15": 4.602432263636362,
      "jordan_16": 4.606773529090908,
      "jordan_17": 5.268334153000001,
      "jordan_18": 5.248796482999998,
      "jordan_19": 2.5640334270000005,
      "jordan_20": 2.5494351650000007,
      "jordan_21": 0.05873867597775078,
      "jordan_22": 0.05892663496858703,
      "jordan_23": 7.434674604285712,
      "jordan_24": 7.429035995714284,
      "jordan_25": 0.8183769154576471,
      "jordan_26": 0.8174743888290023,
      "jordan_kiwipete": 20.647202853333336,
      "initial": 1.620478012103858,
      "sicilian": 12.64512278,
      "middle": 10.969377692,
      "open_position": 2.389826927619047,
      "queen": 1.4440919546928048,
      "pawn_move": 16.208596075,
      "pawn_attack": 16.93430821333334,
      "pawn_promote": 9.771090101666665,
      "cydonia": 6.30636931125
    }
  },
  "hperft": {
    "chess": {
      "jordan_1": 26.330281585,
      "jordan_2": 26.149739285,
      "jordan_3": 58.166381890000004,
      "jordan_4": 58.32327907,
      "jordan_5": 29.036700170000003,
      "jordan_6": 29.076249824999998,
      "jordan_7": 34.740248615,
      "jordan_8": 34.944562704999996,
      "jordan_9": 32.215164075,
      "jordan_10": 31.916653739999997,
      "jordan_11": 44.432973445,
      "jordan_12": 44.6346905,
      "jordan_13": 114.43241073,
      "jordan_14": 113.86393661,
      "jordan_15": 26.91870981,
      "jordan_16": 26.803479,
      "jordan_17": 9.777171789999993,
      "jordan_18": 9.757699821666664,
      "jordan_19": 4.463491501666667,
      "jordan_20": 4.467764140833333,
      "jordan_21": 0.10289276554608902,
      "jordan_22": 0.10263964922634092,
      "jordan_23": 18.97165148333334,
      "jordan_24": 18.979216986666664,
      "jordan_25": 1.3100177774175226,
      "jordan_26": 1.316035088309571,
      "jordan_kiwipete": 116.32207995,
      "initial": 5.720283842222222,
      "sicilian": 65.55775808,
      "middle": 66.00277074,
      "open_position": 13.34297082,
      "queen": 6.045000103333336,
      "pawn_move": 50.53205663,